source_sha256	source_line	id	register	disposition	row_sha256	path
513497704ad37e977e2fb86e4623e956e6f1ca99844122948ff74995dfa9a309	96	IOS-EPOCH-001	yes	closed-decision	786a590cad38589641e635bd88a6ef5eca6ba77b25326143a871285d97f8f22d	Companion/Process/Current/KnownIssues/ios-epoch-001.md
513497704ad37e977e2fb86e4623e956e6f1ca99844122948ff74995dfa9a309	97	IOS-ACTION-001	yes	closed-decision	a93016b4fb69f5c435942f0ec42993a5c3c9ea88c5c610455786f78ef926dc7b	Companion/Process/Current/KnownIssues/ios-action-001.md
513497704ad37e977e2fb86e4623e956e6f1ca99844122948ff74995dfa9a309	98	IOS-ACTION-002	yes	closed-decision	076645bdb682bf3e3a36b92c7462b50404452be10970189a57c73235b4e956c1	Companion/Process/Current/KnownIssues/ios-action-002.md
513497704ad37e977e2fb86e4623e956e6f1ca99844122948ff74995dfa9a309	99	IOS-DATE-001	yes	closed-decision	94bfbf6566428abb24c1aee2cdbafa58b0a19efeec6b56ea6ee2f789c5b41462	Companion/Process/Current/KnownIssues/ios-date-001.md
513497704ad37e977e2fb86e4623e956e6f1ca99844122948ff74995dfa9a309	100	IOS-IMAP-001	yes	attribution-first	8c21b2a534a1188bdba7784cbf4d650eb75cc35264c191f736ccac8e7b5402b7	Companion/Process/Current/KnownIssues/ios-imap-001.md
513497704ad37e977e2fb86e4623e956e6f1ca99844122948ff74995dfa9a309	101	IOS-IMAP-003	yes	fixed	96a4993b06d0ddf7e36c7d6b3571495f79cc4bfe51ab95f70018ea96e7d61bdd	Companion/Process/Current/KnownIssues/ios-imap-003.md
513497704ad37e977e2fb86e4623e956e6f1ca99844122948ff74995dfa9a309	102	IOS-IMAP-005	yes	fixed	d7dd6d40abe6a0591421c95a40d44cdd4b8bd0adb692191e4f7e750c4a5deed8	Companion/Process/Current/KnownIssues/ios-imap-005.md
513497704ad37e977e2fb86e4623e956e6f1ca99844122948ff74995dfa9a309	103	IOS-IMAP-009	yes	accepted	0fa6bc9921edba7d9d1a2330a63192fbc39711caee5087846433ab58313cc3b2	Companion/Process/Current/KnownIssues/ios-imap-009.md
513497704ad37e977e2fb86e4623e956e6f1ca99844122948ff74995dfa9a309	104	IOS-IMAP-010	yes	accepted	a1b2467088290c42a9005960da8ecfd5bd37d8fff3c71ad35716c6d8bcc18a7a	Companion/Process/Current/KnownIssues/ios-imap-010.md
513497704ad37e977e2fb86e4623e956e6f1ca99844122948ff74995dfa9a309	105	IOS-IMAP-011	yes	closed-decision	26c037947a1461535dc7e4c4fed4d3d2fddb019fbe77a5c42521dd484519e9ae	Companion/Process/Current/KnownIssues/ios-imap-011.md
513497704ad37e977e2fb86e4623e956e6f1ca99844122948ff74995dfa9a309	106	IOS-GRAPH-001	yes	attribution-first	33e1237f1304a644dec4eca62802ff7b2842f6bb8e7467ce69e5f92cfca11a36	Companion/Process/Current/KnownIssues/ios-graph-001.md
513497704ad37e977e2fb86e4623e956e6f1ca99844122948ff74995dfa9a309	107	IOS-UNDO-001	yes	closed-decision	5425f61e9c585ee1b494aedb6497bd877f83631c189b03c84cb9ac17b61a53db	Companion/Process/Current/KnownIssues/ios-undo-001.md
513497704ad37e977e2fb86e4623e956e6f1ca99844122948ff74995dfa9a309	108	IOS-OUTBOX-001	yes	attribution-first	bcb8958421cddf3854071cf922160ebc0af06089b330d2f8dac47d6d3735c014	Companion/Process/Current/KnownIssues/ios-outbox-001.md
513497704ad37e977e2fb86e4623e956e6f1ca99844122948ff74995dfa9a309	109	IOS-OUTBOX-002	yes	attribution-first	fc8f484f2c59f368266cc9526b152cf5deef11a74ba4244ba80732908451fe3e	Companion/Process/Current/KnownIssues/ios-outbox-002.md
513497704ad37e977e2fb86e4623e956e6f1ca99844122948ff74995dfa9a309	110	IOS-TLS-001	yes	closed-decision	1d5f5ca0db349d8c5e2534ace8e838428d09536cebdfa45a63107eb6e9d4ac6a	Companion/Process/Current/KnownIssues/ios-tls-001.md
513497704ad37e977e2fb86e4623e956e6f1ca99844122948ff74995dfa9a309	111	IOS-TLS-002	yes	attribution-first	c23dbd78bf5e35c48d5f129a8d807e99f57aaabab4149e3470053e8ffc26d5a1	Companion/Process/Current/KnownIssues/ios-tls-002.md
513497704ad37e977e2fb86e4623e956e6f1ca99844122948ff74995dfa9a309	112	IOS-PERF-001	yes	closed-decision	2ddf2d4ae21e255ed367640d4672639b61d2f2095d34bd7c12e5c68c3df286a2	Companion/Process/Current/KnownIssues/ios-perf-001.md
513497704ad37e977e2fb86e4623e956e6f1ca99844122948ff74995dfa9a309	113	IOS-BUILD-001	yes	history	8db8ebbf30dccadc7678a9332437010a4cacba801aaaacaffbd2194a7ce44b38	Companion/Process/Current/KnownIssues/ios-build-001.md
513497704ad37e977e2fb86e4623e956e6f1ca99844122948ff74995dfa9a309	153	IOS-SEARCH-001	yes	attribution-first	a59f1f58dc1814d60580872e8a5e85b15bfa9d304668cc9be1922d92037285fb	Companion/Process/Current/KnownIssues/ios-search-001.md
513497704ad37e977e2fb86e4623e956e6f1ca99844122948ff74995dfa9a309	154	IOS-SEARCH-003	yes	attribution-first	8c5890477ecc05adad7fe2bbfb5981b823c0edb2847b222b52dc2b8756c193a5	Companion/Process/Current/KnownIssues/ios-search-003.md
513497704ad37e977e2fb86e4623e956e6f1ca99844122948ff74995dfa9a309	155	IOS-QUEUE-001	yes	attribution-first	a8a805e57c1af5d07673c3073ae65955e9758aa7087e172ab1246a8a59099d21	Companion/Process/Current/KnownIssues/ios-queue-001.md
513497704ad37e977e2fb86e4623e956e6f1ca99844122948ff74995dfa9a309	156	IOS-OUTBOX-003	yes	closed-decision	9ec0e89366c239ae03844fac7b02c660ab30c394acb279594c825ef6aa2da91d	Companion/Process/Current/KnownIssues/ios-outbox-003.md
513497704ad37e977e2fb86e4623e956e6f1ca99844122948ff74995dfa9a309	157	IOS-QUEUE-003	yes	decomposed	4288eebefb8aded5bc77484295156fbd58c2ba504858d01157f64ee3b15a9d7c	Companion/Process/Current/KnownIssues/ios-queue-003.md
513497704ad37e977e2fb86e4623e956e6f1ca99844122948ff74995dfa9a309	190	IOS-NSE-001	yes	attribution-first	4ba087db5d94ef3526b41877c0ac40d68550ecbf6ebf0126ef212154682fb25e	Companion/Process/Current/KnownIssues/ios-nse-001.md
513497704ad37e977e2fb86e4623e956e6f1ca99844122948ff74995dfa9a309	191	IOS-NSE-002	yes	closed-decision	6d7ae63428150f45aa855a71de5dab72fa2bcb6a89a09f894a6a2d59c315c072	Companion/Process/Current/KnownIssues/ios-nse-002.md
513497704ad37e977e2fb86e4623e956e6f1ca99844122948ff74995dfa9a309	192	IOS-QUEUE-002	yes	attribution-first	9f1a23c6b29bfb09ccba9ad09bfd0cb974417188a01d8e7fb301e8914a396fff	Companion/Process/Current/KnownIssues/ios-queue-002.md
513497704ad37e977e2fb86e4623e956e6f1ca99844122948ff74995dfa9a309	216	IOS-NSE-003	yes	attribution-first	5d62fbea14bbf2a000d0e47edf34ad72eafe0a549c847fdc7e06f63b6418a6e3	Companion/Process/Current/KnownIssues/ios-nse-003.md
513497704ad37e977e2fb86e4623e956e6f1ca99844122948ff74995dfa9a309	217	IOS-DRAFT-009	yes	closed-decision	9f0abfaabadb1a40252532abe046537cfa50540c98aed8207922dd3309cab389	Companion/Process/Current/KnownIssues/ios-draft-009.md
513497704ad37e977e2fb86e4623e956e6f1ca99844122948ff74995dfa9a309	218	IOS-TEST-002	yes	attribution-first	75cab3f27c9859d9deb7bb7704b1950922c84f775c5cfa3a66d32692d46e7e9b	Companion/Process/Current/KnownIssues/ios-test-002.md
513497704ad37e977e2fb86e4623e956e6f1ca99844122948ff74995dfa9a309	230	IOS-AI-001	yes	closed-decision	82f1df06ba46690dead5fa4f1a39aa39e1fe26b9d3384b09848f7951ed48e4a8	Companion/Process/Current/KnownIssues/ios-ai-001.md
513497704ad37e977e2fb86e4623e956e6f1ca99844122948ff74995dfa9a309	231	IOS-AI-002	yes	attribution-first	c3ff75f1ec3d7b28a0b957efc2efdfd0fd2b8640800ed9d71735e9b345c48cc9	Companion/Process/Current/KnownIssues/ios-ai-002.md
513497704ad37e977e2fb86e4623e956e6f1ca99844122948ff74995dfa9a309	232	IOS-ROUND3-D3	yes	closed-decision	efc66a2f7e612f93d442e033b70501927129539b49befe8e1b7fe66615b976f5	Companion/Process/Current/KnownIssues/ios-round3-d3.md
513497704ad37e977e2fb86e4623e956e6f1ca99844122948ff74995dfa9a309	233	IOS-ROUND3-D5	yes	attribution-first	f2a0b351a741bfa66cd9b278676f70e394b2e1d93a5635d753984099816e00b1	Companion/Process/Current/KnownIssues/ios-round3-d5.md
513497704ad37e977e2fb86e4623e956e6f1ca99844122948ff74995dfa9a309	234	IOS-ROUND3-D6	yes	attribution-first	065d32c5fd009c922344dfa8456692c9805707c62cb4f04cba1887ea301bf9cc	Companion/Process/Current/KnownIssues/ios-round3-d6.md
513497704ad37e977e2fb86e4623e956e6f1ca99844122948ff74995dfa9a309	269	IOS-OUTBOX-004	yes	attribution-first	55678ee996b604ec7d37f1993f2c9b406cd834f36ed79b861b77f0306804d89c	Companion/Process/Current/KnownIssues/ios-outbox-004.md
513497704ad37e977e2fb86e4623e956e6f1ca99844122948ff74995dfa9a309	270	IOS-TEST-003	yes	attribution-first	65d4adcf52972a3662e8a5e9a7ed0d3a160fdf4a54d57ae8d19a4ddc747b3347	Companion/Process/Current/KnownIssues/ios-test-003.md
513497704ad37e977e2fb86e4623e956e6f1ca99844122948ff74995dfa9a309	271	IOS-DRAFT-010	yes	attribution-first	b6bc45cff99de0d1d0ac79ec5b4839de49a5360cfc654ff78a44d8f0bc996778	Companion/Process/Current/KnownIssues/ios-draft-010.md
513497704ad37e977e2fb86e4623e956e6f1ca99844122948ff74995dfa9a309	272	IOS-QUEUE-004	yes	attribution-first	4980edf8272d50fe1e1ad415350e84adc080131460fa4a819200c5c643c2efac	Companion/Process/Current/KnownIssues/ios-queue-004.md
513497704ad37e977e2fb86e4623e956e6f1ca99844122948ff74995dfa9a309	273	IOS-IMAP-006	yes	closed-decision	a9f2aee99ff109ecaf6f9d97a0f5ecd9d6fb8e76bfe660f231852c2f2cbbcd92	Companion/Process/Current/KnownIssues/ios-imap-006.md
513497704ad37e977e2fb86e4623e956e6f1ca99844122948ff74995dfa9a309	285	IOS-IMAP-007	yes	closed-decision	a7cf42e6fb18d75bf0a8d70afc7b9fda62fc48f64a55c72f7466747dd3265dc3	Companion/Process/Current/KnownIssues/ios-imap-007.md
513497704ad37e977e2fb86e4623e956e6f1ca99844122948ff74995dfa9a309	312	IOS-UNDO-002	yes	attribution-first	698a6dc239228af3015115be7ee59d7611aee37a4e6d650a0ef913b789d9d5eb	Companion/Process/Current/KnownIssues/ios-undo-002.md
513497704ad37e977e2fb86e4623e956e6f1ca99844122948ff74995dfa9a309	313	IOS-SEARCH-002	yes	attribution-first	9ef557ad1e2768a70d1057c986105f2314e8fe94428268f5a9541f8efbeba659	Companion/Process/Current/KnownIssues/ios-search-002.md
513497704ad37e977e2fb86e4623e956e6f1ca99844122948ff74995dfa9a309	314	IOS-QUEUE-005	yes	attribution-first	23fa1474d8fca703dfbf0c6ddf4c5eefb3fdd398348f632bdbc375f39f3be603	Companion/Process/Current/KnownIssues/ios-queue-005.md
513497704ad37e977e2fb86e4623e956e6f1ca99844122948ff74995dfa9a309	315	IOS-LABEL-002	yes	attribution-first	94cd3fbf580336a5401b50d5774cb1936a4717f351ceceea5fc768d011173cca	Companion/Process/Current/KnownIssues/ios-label-002.md
513497704ad37e977e2fb86e4623e956e6f1ca99844122948ff74995dfa9a309	316	IOS-MIGRATION-001	yes	not-defect	45952ccfc85447f582280543f791e44595159d841aa71fbc85114294e75d61e9	Companion/Process/Current/KnownIssues/ios-migration-001.md
513497704ad37e977e2fb86e4623e956e6f1ca99844122948ff74995dfa9a309	317	IOS-BACKFILL-002	yes	attribution-first	d04a92d7a33faf0c7a9eaa1cf9268a0a73f8bfbc2e8067a9c0de8ecc78e031e1	Companion/Process/Current/KnownIssues/ios-backfill-002.md
513497704ad37e977e2fb86e4623e956e6f1ca99844122948ff74995dfa9a309	343	IOS-AI-003	yes	attribution-first	40d713121ffe7978338e8fc5d057a4808c46dd23795f9cb742948f19a105482b	Companion/Process/Current/KnownIssues/ios-ai-003.md
513497704ad37e977e2fb86e4623e956e6f1ca99844122948ff74995dfa9a309	344	IOS-DRAFT-011	yes	closed-decision	862a92c9af250fd6a7cfbeb6ef3063329090873dd3ac4a2200a65fb96b75c1d3	Companion/Process/Current/KnownIssues/ios-draft-011.md
513497704ad37e977e2fb86e4623e956e6f1ca99844122948ff74995dfa9a309	345	IOS-TEST-005	yes	attribution-first	fbaf5030189f044062b62b4a2994a592723fa76f4c6c3e700608cb078fd01dfd	Companion/Process/Current/KnownIssues/ios-test-005.md
513497704ad37e977e2fb86e4623e956e6f1ca99844122948ff74995dfa9a309	408	IOS-OUTBOX-005	yes	attribution-first	bb9db239baad36f2f133acc96d4ff7ddbd21e1b1f04f0925697f7df739e411ea	Companion/Process/Current/KnownIssues/ios-outbox-005.md
513497704ad37e977e2fb86e4623e956e6f1ca99844122948ff74995dfa9a309	440	IOS-TEST-006	yes	fixed	16e82bcb42e1c3f7dfe1a0bb15b6e421d113bfeb5d6e90a1d3ad80beaa366695	Companion/Process/Current/KnownIssues/ios-test-006.md
513497704ad37e977e2fb86e4623e956e6f1ca99844122948ff74995dfa9a309	441	IOS-TEST-007	yes	closed-decision	d281990a814bd44b50990faf45ba9174336c2f10f641a346c82a1c48cf625a41	Companion/Process/Current/KnownIssues/ios-test-007.md
513497704ad37e977e2fb86e4623e956e6f1ca99844122948ff74995dfa9a309	442	IOS-TEST-008	yes	fixed	f071e3aa503052b7259e62a7ee6e6a983e111908d8a168716ba4cbd7fb8e2054	Companion/Process/Current/KnownIssues/ios-test-008.md
513497704ad37e977e2fb86e4623e956e6f1ca99844122948ff74995dfa9a309	443	IOS-TEST-009	yes	fixed	3aea933237c8278fbdcd521d2cda66caef249c8fc28340257bd03c04ac5c05f0	Companion/Process/Current/KnownIssues/ios-test-009.md
513497704ad37e977e2fb86e4623e956e6f1ca99844122948ff74995dfa9a309	444	IOS-DOC-001	yes	closed-decision	193330da19ecd82c7fd95bb7286f4eae50d880ad5cbdaac1361b0d588be6be10	Companion/Process/Current/KnownIssues/ios-doc-001.md
513497704ad37e977e2fb86e4623e956e6f1ca99844122948ff74995dfa9a309	457	IOS-TEST-004	yes	attribution-first	ccd22944b81a6c835d0bc4f4cab72fa9bea0fa03f4f7e7eb3f64abd1b8404cea	Companion/Process/Current/KnownIssues/ios-test-004.md
513497704ad37e977e2fb86e4623e956e6f1ca99844122948ff74995dfa9a309	475	IOS-LABEL-001	yes	attribution-first	fff11f52e74ecaa33328759c4d45824e18ec7d44105089713a4bd1bebff7f306	Companion/Process/Current/KnownIssues/ios-label-001.md
513497704ad37e977e2fb86e4623e956e6f1ca99844122948ff74995dfa9a309	486	IOS-IMAP-002	no	fixed-by-d4	afb143cf39c35fc7bf645b57bd6c827d893f09ef03ed300790cc6b3520c1c6f0	Companion/Process/Current/KnownIssues/ios-imap-002.md
513497704ad37e977e2fb86e4623e956e6f1ca99844122948ff74995dfa9a309	487	IOS-IMAP-004	no	fixed-by-d4	a4fc75b19d93a6c817de6ec836d45b8a6c894ae1b830c21eb9a01fd3435c5e7a	Companion/Process/Current/KnownIssues/ios-imap-004.md
513497704ad37e977e2fb86e4623e956e6f1ca99844122948ff74995dfa9a309	526	IOS-OUTBOX-006	yes	attribution-first	33407a49e328dcf17ff3de43a272afbebf0b93ffe285a53d759389c955b0b0f1	Companion/Process/Current/KnownIssues/ios-outbox-006.md
513497704ad37e977e2fb86e4623e956e6f1ca99844122948ff74995dfa9a309	563	IOS-IDENTITY-001	yes	closed-decision	c000f202f7f0892ef75617041874eadda932cf8139d4c261c6af53435c34fe6c	Companion/Process/Current/KnownIssues/ios-identity-001.md
513497704ad37e977e2fb86e4623e956e6f1ca99844122948ff74995dfa9a309	564	IOS-NOTIFY-001	yes	closed-decision	4a241e828655fcaeb85a8f6072e2ec55e9b1b50223c5c728528b939d7606a0e2	Companion/Process/Current/KnownIssues/ios-notify-001.md
513497704ad37e977e2fb86e4623e956e6f1ca99844122948ff74995dfa9a309	583	IOS-SCROLL-001	yes	closed-decision	4d5287892bed4fe4092017ee37fda27baf1bc32d9c101ab9f1e1d62c5739fce1	Companion/Process/Current/KnownIssues/ios-scroll-001.md
513497704ad37e977e2fb86e4623e956e6f1ca99844122948ff74995dfa9a309	584	IOS-BACKFILL-001	yes	fixed	404c986b24f26c894a142fac925f290e235f41db04fdd1627f1d3ff0b9f8a61b	Companion/Process/Current/KnownIssues/ios-backfill-001.md
513497704ad37e977e2fb86e4623e956e6f1ca99844122948ff74995dfa9a309	585	IOS-SCROLL-002	yes	closed-decision	9a490de437b2638b0136bdb967dc61543927d2542e0b417a9dedd38d858bcff1	Companion/Process/Current/KnownIssues/ios-scroll-002.md
513497704ad37e977e2fb86e4623e956e6f1ca99844122948ff74995dfa9a309	586	IOS-THREAD-001	yes	closed-decision	b750134ce36bc07bb56672deb22df0d6cf853d17f285026760171f44f39c9473	Companion/Process/Current/KnownIssues/ios-thread-001.md
513497704ad37e977e2fb86e4623e956e6f1ca99844122948ff74995dfa9a309	617	IOS-QUEUE-006	yes	closed-decision	88ec1985d838ced506dfafe02e012b52e9a7e87f2b1aa311adf1a1a818d49f10	Companion/Process/Current/KnownIssues/ios-queue-006.md
513497704ad37e977e2fb86e4623e956e6f1ca99844122948ff74995dfa9a309	618	IOS-QUEUE-007	yes	closed-decision	d97af401b5d418538224d3809df16a33593d448a5227b659ceda950904cfa226	Companion/Process/Current/KnownIssues/ios-queue-007.md
513497704ad37e977e2fb86e4623e956e6f1ca99844122948ff74995dfa9a309	619	IOS-QUEUE-008	yes	closed-decision	d6c9f057261cc63150ec678e0651a0df6255565ea4ea8b2532c42a7d03b642ef	Companion/Process/Current/KnownIssues/ios-queue-008.md
513497704ad37e977e2fb86e4623e956e6f1ca99844122948ff74995dfa9a309	620	IOS-IMAP-008	yes	closed-decision	80eceaa0b96d230d638efd1bb69540d7587cdcdc1bc7fc79c9c70ca2defbfea1	Companion/Process/Current/KnownIssues/ios-imap-008.md
513497704ad37e977e2fb86e4623e956e6f1ca99844122948ff74995dfa9a309	621	IOS-NSE-004	yes	closed-decision	aabcc79efcdb22a05f52badfc5c9dbbaca74bba951bf7a2586a5e8034ab2cf02	Companion/Process/Current/KnownIssues/ios-nse-004.md
513497704ad37e977e2fb86e4623e956e6f1ca99844122948ff74995dfa9a309	622	IOS-NSE-005	yes	fixed	04f8697b76877d7f1d6eef2d92e30d27cf34337d5349592db97fea5f6099b8f5	Companion/Process/Current/KnownIssues/ios-nse-005.md
513497704ad37e977e2fb86e4623e956e6f1ca99844122948ff74995dfa9a309	623	IOS-NSE-006	yes	fixed	f770a0d51d7fb1efb3a6d1892afda287a90b89b641b725aac86e6b12ab28e4cd	Companion/Process/Current/KnownIssues/ios-nse-006.md
513497704ad37e977e2fb86e4623e956e6f1ca99844122948ff74995dfa9a309	624	IOS-LABEL-004	yes	closed-decision	4f11a4d9db8eb5125aa2fb81eb963bb7950b96123cc7baa59b1a262d567bdbc3	Companion/Process/Current/KnownIssues/ios-label-004.md
513497704ad37e977e2fb86e4623e956e6f1ca99844122948ff74995dfa9a309	625	IOS-LABEL-003	yes	closed-decision	75527fc63162011dc93d56468f85b36aabf141b9f93b452ebdbb862c6528daec	Companion/Process/Current/KnownIssues/ios-label-003.md
513497704ad37e977e2fb86e4623e956e6f1ca99844122948ff74995dfa9a309	647	IOS-GRAPH-002	yes	fixed	f40998b375ab41ea6f6a54b8781cbf2e3cd7734e6a510c569e70a4f9e7f82f1c	Companion/Process/Current/KnownIssues/ios-graph-002.md
513497704ad37e977e2fb86e4623e956e6f1ca99844122948ff74995dfa9a309	648	IOS-GRAPH-003	yes	closed-decision	41598e97e70d47cbbc9cab1c44073bb3d9237827f66282d64c95c2c5c1d96ae7	Companion/Process/Current/KnownIssues/ios-graph-003.md
513497704ad37e977e2fb86e4623e956e6f1ca99844122948ff74995dfa9a309	649	IOS-GRAPH-004	yes	closed-decision	947a6ab39804334673f83460c0eee241550619ba1796a40d26baf6a74df53a26	Companion/Process/Current/KnownIssues/ios-graph-004.md
513497704ad37e977e2fb86e4623e956e6f1ca99844122948ff74995dfa9a309	904	IOS-SCROLL-003	yes	closed-decision	1d38ca8d98329053beeb625ab0505cca7585d3cac2402c1e8973e70e380e41ba	Companion/Process/Current/KnownIssues/ios-scroll-003.md
513497704ad37e977e2fb86e4623e956e6f1ca99844122948ff74995dfa9a309	988	IOS-LOG-001	yes	closed-decision	fb7e74d46ad6ddb55c98af11ef231155dac1a70fd3d9a2acfac1aef041665604	Companion/Process/Current/KnownIssues/ios-log-001.md
513497704ad37e977e2fb86e4623e956e6f1ca99844122948ff74995dfa9a309	999	IOS-TEST-010	yes	closed-decision	5da23a1d1184d4c137f63ea9495d2cd5573990d4f9ea62de9818925bc2928c79	Companion/Process/Current/KnownIssues/ios-test-010.md
513497704ad37e977e2fb86e4623e956e6f1ca99844122948ff74995dfa9a309	1000	IOS-LOG-002	yes	closed-decision	93cfb32cf135a260bc9ef014d618f56db5702bd2e7a0e9b2747ed6bca3e81a7f	Companion/Process/Current/KnownIssues/ios-log-002.md
513497704ad37e977e2fb86e4623e956e6f1ca99844122948ff74995dfa9a309	1013	IOS-NSE-007	yes	not-defect	cdcb66c731eaf59c49885cd8d8f1745eaf0b157beb8bfb2d1eb4444005d40992	Companion/Process/Current/KnownIssues/ios-nse-007.md
513497704ad37e977e2fb86e4623e956e6f1ca99844122948ff74995dfa9a309	1014	IOS-DRAFT-013	yes	not-defect	06b1b348ff74a1d499d03a13c5890873d4305126adf39b53b0e679301813deca	Companion/Process/Current/KnownIssues/ios-draft-013.md
513497704ad37e977e2fb86e4623e956e6f1ca99844122948ff74995dfa9a309	1015	IOS-DRAFT-014	yes	closed-decision	89611241d7f5a4313c33cdcc566de8e5342d640393ef8e0c9ab728781cc2ca1d	Companion/Process/Current/KnownIssues/ios-draft-014.md
513497704ad37e977e2fb86e4623e956e6f1ca99844122948ff74995dfa9a309	1016	IOS-DRAFT-012	yes	closed-decision	709d4ed5d693a5e94d4d715428bc90a2173ef9d99fa2dc05571153dbf8f6ac0d	Companion/Process/Current/KnownIssues/ios-draft-012.md
513497704ad37e977e2fb86e4623e956e6f1ca99844122948ff74995dfa9a309	1027	IOS-MIGRATION-003	yes	closed-decision	41db7c8176982d4dc57ce5c7fa4a477b3d58e9b8d71d6b3958df86f910b199a4	Companion/Process/Current/KnownIssues/ios-migration-003.md
513497704ad37e977e2fb86e4623e956e6f1ca99844122948ff74995dfa9a309	1028	IOS-MIGRATION-002	yes	closed-decision	36a33201daed0abd97809f653bb8a40353311f289c1b85eb1eb3296cfecef9cc	Companion/Process/Current/KnownIssues/ios-migration-002.md
513497704ad37e977e2fb86e4623e956e6f1ca99844122948ff74995dfa9a309	1041	IOS-DRAFT-015	yes	closed-decision	ada9ba9b0ffde211d8fd48fb4bb1a462f54c6911f988c372e9edd0f53a05b6fc	Companion/Process/Current/KnownIssues/ios-draft-015.md
513497704ad37e977e2fb86e4623e956e6f1ca99844122948ff74995dfa9a309	1059	IOS-DRAFT-016	yes	fixed	4eabeb910c1cab12eb9d57088c5681dc617853a15f37ab25fec7553447b1f057	Companion/Process/Current/KnownIssues/ios-draft-016.md
513497704ad37e977e2fb86e4623e956e6f1ca99844122948ff74995dfa9a309	1060	IOS-PERF-002	yes	closed-decision	12c55252d2d5ab6fe8ea68aff0fca04530fe1c1682712cd9e0da02b295c5ae4d	Companion/Process/Current/KnownIssues/ios-perf-002.md
513497704ad37e977e2fb86e4623e956e6f1ca99844122948ff74995dfa9a309	1061	IOS-MIGRATION-004	yes	closed-decision	dae1f801a32fcad835c39d0200d3e5d2adcbac0fe8258ad5d99a669a9f9c8d7f	Companion/Process/Current/KnownIssues/ios-migration-004.md
513497704ad37e977e2fb86e4623e956e6f1ca99844122948ff74995dfa9a309	1062	IOS-LOG-003	yes	closed-decision	5efe6a013bad0925c89b9f3489d1d575459eff261f19fada3d3abbbfc01ca77e	Companion/Process/Current/KnownIssues/ios-log-003.md
513497704ad37e977e2fb86e4623e956e6f1ca99844122948ff74995dfa9a309	1063	IOS-PERF-003	yes	closed-decision	45426a161d33d536044a238af152dfdf388899eb06a3876dcb1c7fa3cc01ccf1	Companion/Process/Current/KnownIssues/ios-perf-003.md
513497704ad37e977e2fb86e4623e956e6f1ca99844122948ff74995dfa9a309	1064	IOS-EPOCH-002	yes	closed-decision	1edfb6012b17c03bcfac1a8a79bea66ca6d859a5dc8fd27e7305d5b19fe057ba	Companion/Process/Current/KnownIssues/ios-epoch-002.md
513497704ad37e977e2fb86e4623e956e6f1ca99844122948ff74995dfa9a309	1080	IOS-CALDAV-001	yes	closed-decision	d906dc1f40c542fff7e48eb666ee4102c56703af719de24d8543192266f49a12	Companion/Process/Current/KnownIssues/ios-caldav-001.md
513497704ad37e977e2fb86e4623e956e6f1ca99844122948ff74995dfa9a309	1092	IOS-MOVE-002	yes	closed-decision	3e30c8988b8fef42db959846e40444e075230b01497ceebdd9da92b9f8e73e94	Companion/Process/Current/KnownIssues/ios-move-002.md
513497704ad37e977e2fb86e4623e956e6f1ca99844122948ff74995dfa9a309	1093	IOS-IDENTITY-002	yes	closed-decision	be8befb60b1647a8bbb15b92f9a7fdeed0106c2e579ce761c8374533420592d3	Companion/Process/Current/KnownIssues/ios-identity-002.md
513497704ad37e977e2fb86e4623e956e6f1ca99844122948ff74995dfa9a309	1094	IOS-DRAFT-017	yes	closed-decision	20b9cf2b3ba193652054e2a4f50f6f0b85a9cfa700d36dca9c0df441ba085ce4	Companion/Process/Current/KnownIssues/ios-draft-017.md
513497704ad37e977e2fb86e4623e956e6f1ca99844122948ff74995dfa9a309	1095	IOS-CAL-001	yes	fixed	fc95ad5aaf5c3801a1d7ab686109a629767bfce685a0a9002f0a4ab042689890	Companion/Process/Current/KnownIssues/ios-cal-001.md
513497704ad37e977e2fb86e4623e956e6f1ca99844122948ff74995dfa9a309	1096	IOS-SETTINGS-001	yes	closed-decision	8a463d6e7af2138600103c35a34f44c1af669e763827f550c5e5af921ed63131	Companion/Process/Current/KnownIssues/ios-settings-001.md
513497704ad37e977e2fb86e4623e956e6f1ca99844122948ff74995dfa9a309	1110	IOS-CAL-002	yes	closed-decision	7f1be2a008a5b44963a8f5777afe2b0973a64102fd6f6b1fb05840c445466f62	Companion/Process/Current/KnownIssues/ios-cal-002.md
513497704ad37e977e2fb86e4623e956e6f1ca99844122948ff74995dfa9a309	1124	IOS-CAL-003	yes	fixed	dbca920583058a29c61a2b0844cfa25d502f346077968a811639d5ed123f7a28	Companion/Process/Current/KnownIssues/ios-cal-003.md
513497704ad37e977e2fb86e4623e956e6f1ca99844122948ff74995dfa9a309	1125	IOS-SCROLL-004	yes	fixed	34505d38bd76192cc214f52b4284d29ac64a82d51a5e07c18dfcf38025d6ff2c	Companion/Process/Current/KnownIssues/ios-scroll-004.md
513497704ad37e977e2fb86e4623e956e6f1ca99844122948ff74995dfa9a309	1126	IOS-DRAFT-018	yes	closed-decision	97bc3b6b4c1e53bbda77167b0276160e8905211c10cc91b942ee53d6b750665d	Companion/Process/Current/KnownIssues/ios-draft-018.md
513497704ad37e977e2fb86e4623e956e6f1ca99844122948ff74995dfa9a309	1127	IOS-CAL-004	yes	fixed	b6ba23af39c48d634738de170c49f15da692c20a4a749de8c3456cd49b6f81ec	Companion/Process/Current/KnownIssues/ios-cal-004.md
513497704ad37e977e2fb86e4623e956e6f1ca99844122948ff74995dfa9a309	1128	IOS-CAL-005	yes	fixed	b79d174c71c22cb90617119611996633ef118254e9606a7596d70281355217b3	Companion/Process/Current/KnownIssues/ios-cal-005.md
513497704ad37e977e2fb86e4623e956e6f1ca99844122948ff74995dfa9a309	1129	IOS-ASSET-001	yes	fixed	264c0d53034135984a3951b2d24d60ed928630749d8054ce1fa70e2d1073a44c	Companion/Process/Current/KnownIssues/ios-asset-001.md
513497704ad37e977e2fb86e4623e956e6f1ca99844122948ff74995dfa9a309	1130	IOS-CAL-006	yes	fixed	4a577449f1df25af94311adf73d7560e09ac129eabfb214d64a6096adf6d0da3	Companion/Process/Current/KnownIssues/ios-cal-006.md
513497704ad37e977e2fb86e4623e956e6f1ca99844122948ff74995dfa9a309	1131	IOS-CAL-007	yes	accepted	956667f2ea152472db0fcda431e7328bde10d4f235e2f40dbc46c178fd907aa7	Companion/Process/Current/KnownIssues/ios-cal-007.md
513497704ad37e977e2fb86e4623e956e6f1ca99844122948ff74995dfa9a309	1132	IOS-CAL-008	yes	closed-decision	9cb9c94941231410a6e6bcee9c7d4571225f8358a6d7c1f5f5f212ce1077bde0	Companion/Process/Current/KnownIssues/ios-cal-008.md
513497704ad37e977e2fb86e4623e956e6f1ca99844122948ff74995dfa9a309	1133	IOS-CAL-009	yes	closed-decision	05371e67aec473ed95b317a88743dccb4ccd9c91042889743cd3482af61972fa	Companion/Process/Current/KnownIssues/ios-cal-009.md
513497704ad37e977e2fb86e4623e956e6f1ca99844122948ff74995dfa9a309	1134	IOS-SCROLL-005	yes	closed-decision	b8b5de934ff141e6d4a6aa3444dee0db73e4cfc8bf82f05e5b933960a374c7ab	Companion/Process/Current/KnownIssues/ios-scroll-005.md
513497704ad37e977e2fb86e4623e956e6f1ca99844122948ff74995dfa9a309	1135	IOS-TEST-011	yes	closed-decision	7b4fd4c33a8367aa28f50577897669f1d14fe783a90555d509eee24176d3d8fa	Companion/Process/Current/KnownIssues/ios-test-011.md
513497704ad37e977e2fb86e4623e956e6f1ca99844122948ff74995dfa9a309	1181	IOS-PERF-004	yes	closed-decision	0b28e3fa29d8720f06f70b79ba7774455469c585f6c7ec6a14c63915022ad2a9	Companion/Process/Current/KnownIssues/ios-perf-004.md
513497704ad37e977e2fb86e4623e956e6f1ca99844122948ff74995dfa9a309	1208	IOS-QUEUE-009	yes	closed-decision	d5254feb44f817c5e59cd86030b305ff6ea54431c6f15c22d12dfca7269884b9	Companion/Process/Current/KnownIssues/ios-queue-009.md
513497704ad37e977e2fb86e4623e956e6f1ca99844122948ff74995dfa9a309	1209	IOS-PERF-007	yes	closed-decision	4204ba8e52ce3c44d4f607f9e72793b8823ef088f0bb64144695d1137847e8e5	Companion/Process/Current/KnownIssues/ios-perf-007.md
513497704ad37e977e2fb86e4623e956e6f1ca99844122948ff74995dfa9a309	1227	IOS-PERF-005	yes	closed-decision	81baa624c1d8ff0d145797c94a567a8c9bfc27ba795df18521590902c2858a92	Companion/Process/Current/KnownIssues/ios-perf-005.md
513497704ad37e977e2fb86e4623e956e6f1ca99844122948ff74995dfa9a309	1321	IOS-MIGRATION-005	yes	closed-decision	fc221684f543da883f691beaf3827903814558923c8c95a457be591206d3ad64	Companion/Process/Current/KnownIssues/ios-migration-005.md
513497704ad37e977e2fb86e4623e956e6f1ca99844122948ff74995dfa9a309	1351	IOS-PERF-006	yes	closed-decision	50ed4866231bcf9ba6a2c8e7dfdabfff303dd3d80ab79808bba95330c6a13a59	Companion/Process/Current/KnownIssues/ios-perf-006.md
513497704ad37e977e2fb86e4623e956e6f1ca99844122948ff74995dfa9a309	1375	IOS-DOC-002	yes	closed-decision	8b249ed1a70fadd85fc1ac57a4c3f8415897feb4a1f3980dc6c719a2b39ff1d8	Companion/Process/Current/KnownIssues/ios-doc-002.md
513497704ad37e977e2fb86e4623e956e6f1ca99844122948ff74995dfa9a309	1376	IOS-BUILD-002	yes	closed-decision	3fb8bb28655d37d65327a3b4c9e043d26a0bbac28aafb65cbc09d4115c0dfab3	Companion/Process/Current/KnownIssues/ios-build-002.md
513497704ad37e977e2fb86e4623e956e6f1ca99844122948ff74995dfa9a309	1402	IOS-OUTBOX-007	yes	accepted	79965140076d67172cbe0da43624e5765ba824b941cf2dae49f9ef313e2dee7f	Companion/Process/Current/KnownIssues/ios-outbox-007.md
513497704ad37e977e2fb86e4623e956e6f1ca99844122948ff74995dfa9a309	1418	IOS-BODY-001	yes	accepted	165e3200538b4c72acb7af0229577783a95edc6a5243d88da7851e0e86a977b7	Companion/Process/Current/KnownIssues/ios-body-001.md
513497704ad37e977e2fb86e4623e956e6f1ca99844122948ff74995dfa9a309	1419	IOS-BODY-002	yes	accepted	b20f449e3447ccce382cd9ae62493b59a76eb60c3d95cb3cb823f05e3e3d2772	Companion/Process/Current/KnownIssues/ios-body-002.md
513497704ad37e977e2fb86e4623e956e6f1ca99844122948ff74995dfa9a309	1420	IOS-BODY-003	yes	accepted	da0f346a170c1e0e836060eb2d7690d4d1d976946c2272391cfc5feeb899bdd0	Companion/Process/Current/KnownIssues/ios-body-003.md
513497704ad37e977e2fb86e4623e956e6f1ca99844122948ff74995dfa9a309	1421	IOS-BODY-004	yes	accepted	bba0b6a8bf072bdbd9ec6619f044ba155a645e642a255079130bf5ef985ac05e	Companion/Process/Current/KnownIssues/ios-body-004.md
513497704ad37e977e2fb86e4623e956e6f1ca99844122948ff74995dfa9a309	1422	IOS-BODY-005	yes	accepted	1b93096cc92ccb7d795c36d97156ccddec7c3ce66ac7373f7298792461cde182	Companion/Process/Current/KnownIssues/ios-body-005.md
513497704ad37e977e2fb86e4623e956e6f1ca99844122948ff74995dfa9a309	1423	IOS-COMPOSE-001	yes	fixed	a7fb666d1b50c359e01111216b71005740a155248a84d07205a049ae8005950b	Companion/Process/Current/KnownIssues/ios-compose-001.md
513497704ad37e977e2fb86e4623e956e6f1ca99844122948ff74995dfa9a309	1432	IOS-MOVE-003	yes	accepted	247cfac4f42a233632220ee4e2c36abb824aa554d6a4b58f0cbaf95f1c760ccb	Companion/Process/Current/KnownIssues/ios-move-003.md
513497704ad37e977e2fb86e4623e956e6f1ca99844122948ff74995dfa9a309	1433	IOS-IMAP-012	yes	closed-decision	53c5d3dfa0fb042bba9c9b2f0b76570535d9030d2b350c7fe828d16726e8598a	Companion/Process/Current/KnownIssues/ios-imap-012.md
513497704ad37e977e2fb86e4623e956e6f1ca99844122948ff74995dfa9a309	1434	IOS-IMAP-013	yes	closed-decision	60cd3f6833b955121a3820289b563b1856513fd7eda3c23c0e91ca5e1c2bef7c	Companion/Process/Current/KnownIssues/ios-imap-013.md
513497704ad37e977e2fb86e4623e956e6f1ca99844122948ff74995dfa9a309	1435	IOS-IMAP-014	yes	closed-decision	5cf31b1753ad86e587f6b7116b3380c02e73871224fb4f29ec3fd21f3a36dbb3	Companion/Process/Current/KnownIssues/ios-imap-014.md
513497704ad37e977e2fb86e4623e956e6f1ca99844122948ff74995dfa9a309	1444	IOS-CLEANUP-001	yes	open	83ad381f623091bade272b91d9dfd3d8e2c8d296d7134695fd79c7c984cd0c5e	Companion/Process/Current/KnownIssues/ios-cleanup-001.md
513497704ad37e977e2fb86e4623e956e6f1ca99844122948ff74995dfa9a309	1445	IOS-PUSH-001	yes	open	6f947e0a6d96e4f03abe0764e2e076a6b33d1a7ac7b868ca526b96535da8639d	Companion/Process/Current/KnownIssues/ios-push-001.md
513497704ad37e977e2fb86e4623e956e6f1ca99844122948ff74995dfa9a309	1446	IOS-SETTINGS-002	yes	accepted	a1d530f33eb17f957f121bbbe9a935d0a933c9f2af38b59fc06fce316b75ab9c	Companion/Process/Current/KnownIssues/ios-settings-002.md
513497704ad37e977e2fb86e4623e956e6f1ca99844122948ff74995dfa9a309	1447	IOS-CHAT-001	yes	accepted	8b696f9907b637db9bdcf4a711763e73969ecba52186399c90fc169941aacebd	Companion/Process/Current/KnownIssues/ios-chat-001.md
513497704ad37e977e2fb86e4623e956e6f1ca99844122948ff74995dfa9a309	1448	IOS-REMINDER-001	yes	accepted	e5a1276f7ddd3373bc7f3c077a1111bf9c61b23ca7fce9ce7bc91ee6e2466eca	Companion/Process/Current/KnownIssues/ios-reminder-001.md
513497704ad37e977e2fb86e4623e956e6f1ca99844122948ff74995dfa9a309	1449	IOS-BILLING-001	yes	accepted	12e736a607a3fd3eaecbddbce497152da89350b0783e9ba924aa8d377490d467	Companion/Process/Current/KnownIssues/ios-billing-001.md
513497704ad37e977e2fb86e4623e956e6f1ca99844122948ff74995dfa9a309	1450	IOS-UI-001	yes	accepted	0fce4091d0a99bf945316a99ec39788173f12d41de66d9b0ffa52300a7e38de7	Companion/Process/Current/KnownIssues/ios-ui-001.md
