source_rev	status	sha256	path	id	title
e28dd4edb33cfb77a0d069de48e136f6ad92cd0c	active	124b3ae251557bceee5a72663ae324dab9b703cec02aa205b648b5cca2b55910	Companion/Decisions/Active/adr-ios-058.md	ADR-IOS-058	The Intention Journal — Dumb Append, Derived Overlay, Fold at Drain (Supersedes the ADR-IOS-057 Register)
e28dd4edb33cfb77a0d069de48e136f6ad92cd0c	superseded	7565d651019913bde0d09bb2938b59c7938ec7015efe3a42084022a0e3ae5b2e	Companion/Decisions/Superseded/adr-ios-059.md	ADR-IOS-059	A Folder Role Is Never Identity — Undo Resolves by a Recorded Tuple and Drops on Any Mismatch
e28dd4edb33cfb77a0d069de48e136f6ad92cd0c	active	49255d75b9cb9bb4e36f99c039f35731a19b871b804b184479a9dfdaf8eff9d2	Companion/Decisions/Active/adr-ios-060.md	ADR-IOS-060	Durable Message Actions Are One Dumb Global FIFO
e28dd4edb33cfb77a0d069de48e136f6ad92cd0c	active	00956632c3d32c1812298b207bd58b331ee5a08b725f140dbb6d2ed41afed5da	Companion/Decisions/Active/adr-ios-061.md	ADR-IOS-061	UIDVALIDITY Reset Closure — Detect Everywhere, Refuse at the Provider, Purge-and-Resync the Folder
e28dd4edb33cfb77a0d069de48e136f6ad92cd0c	deferred	0d1d30816fe51142b9587cae7a664c7913f86658867be245394a2c053adcc6ed	Companion/Decisions/Deferred/adr-ios-063.md	ADR-IOS-063	Account-Removal Orphan-Frontier Hardening — DEFERRED Out of F2b L4 (Fix-Pack FIX 5)
e28dd4edb33cfb77a0d069de48e136f6ad92cd0c	active	fb7dce871f8676114acbeee8173c0f0faeec5d070410494d8fa7e0aa5e916e30	Companion/Decisions/Active/adr-ios-064.md	ADR-IOS-064	The F2b L-series is withdrawn — inert code is removed, applied migrations are not
e28dd4edb33cfb77a0d069de48e136f6ad92cd0c	active	aa68fc12ccd1bed8f21e72f9ca4297ca966521b9b4da388dfc79fc6e8911e020	Companion/Decisions/Active/adr-ios-065.md	ADR-IOS-065	Undo-Send close decision — restore the shipped prompt without rotating the epoch
e28dd4edb33cfb77a0d069de48e136f6ad92cd0c	active	5dd27718b6feac4cc359ba5b520ba383fa1814ef276894c2c487872aafaffe8b	Companion/Decisions/Active/adr-ios-066.md	ADR-IOS-066	Content is addressed by the message it belongs to, never by the slot it occupies
e28dd4edb33cfb77a0d069de48e136f6ad92cd0c	active	2200fce9057e4301595120fd94ad151e7c631b3b99a6ad022b978dc97a39c9a9	Companion/Decisions/Active/adr-ios-067.md	ADR-IOS-067	A queued intention leaves the queue for exactly three reasons, and a failure is never one of them
